{"cameraMode":{"drawMode":0,"name":"Shaded","section":"Shading Mode"},"sceneLighting":true,"audioPlay":false,"sceneViewState":{"m_AlwaysRefresh":false,"showFog":true,"showSkybox":true,"showFlares":true,"showImageEffects":true,"showParticleSystems":true,"showVisualEffectGraphs":true,"m_FxEnabled":true},"in2DMode":false,"pivot":{"x":0.49873965978622439,"y":0.4772423803806305,"z":-0.3091142773628235},"rotation":{"x":0.14208707213401795,"y":-0.3384983539581299,"z":0.051780421286821368,"w":0.9287436008453369},"size":0.9695138335227966,"orthographic":false}